{
  "model": "",
  "overall_acc": 0.4105504587155963,
  "closed_acc": 0.5779467680608364,
  "open_acc": 0.15606936416184972,
  "token_f1": 0.4324559487403525,
  "n_total": 436,
  "n_closed": 263,
  "n_open": 173
}