{
  "model": "",
  "overall_acc": 0.27522935779816515,
  "closed_acc": 0.45627376425855515,
  "open_acc": 0.0,
  "token_f1": 0.27522935779816515,
  "n_total": 436,
  "n_closed": 263,
  "n_open": 173,
  "tag": "lr1e-06_head100_xmod5",
  "lr": 1e-06,
  "lr_mult_head": 100,
  "lr_mult_cross_modal": 5
}