{
  "model": "",
  "overall_acc": 0.2889908256880734,
  "closed_acc": 0.46387832699619774,
  "open_acc": 0.023121387283236993,
  "token_f1": 0.2889908256880734,
  "n_total": 436,
  "n_closed": 263,
  "n_open": 173,
  "tag": "lr1e-05_head10_xmod5",
  "lr": 1e-05,
  "lr_mult_head": 10,
  "lr_mult_cross_modal": 5
}