{
  "model": "",
  "overall_acc": 0.3073394495412844,
  "closed_acc": 0.45627376425855515,
  "open_acc": 0.08092485549132948,
  "token_f1": 0.3152140672782875,
  "n_total": 436,
  "n_closed": 263,
  "n_open": 173,
  "tag": "lr1e-05_head50_xmod5",
  "lr": 1e-05,
  "lr_mult_head": 50,
  "lr_mult_cross_modal": 5
}