{
  "model": "",
  "overall_acc": 0.29128440366972475,
  "closed_acc": 0.4828897338403042,
  "open_acc": 0.0,
  "token_f1": 0.29128440366972475,
  "n_total": 436,
  "n_closed": 263,
  "n_open": 173,
  "tag": "lr2e-06_head10_xmod5",
  "lr": 2e-06,
  "lr_mult_head": 10,
  "lr_mult_cross_modal": 5
}