{
  "model": "",
  "overall_acc": 0.30045871559633025,
  "closed_acc": 0.49809885931558934,
  "open_acc": 0.0,
  "token_f1": 0.30045871559633025,
  "n_total": 436,
  "n_closed": 263,
  "n_open": 173,
  "tag": "lr2e-06_head100_xmod5",
  "lr": 2e-06,
  "lr_mult_head": 100,
  "lr_mult_cross_modal": 5
}