{
  "model": "",
  "overall_acc": 0.2798165137614679,
  "closed_acc": 0.46387832699619774,
  "open_acc": 0.0,
  "token_f1": 0.2798165137614679,
  "n_total": 436,
  "n_closed": 263,
  "n_open": 173,
  "tag": "lr2e-06_head50_xmod5",
  "lr": 2e-06,
  "lr_mult_head": 50,
  "lr_mult_cross_modal": 5
}