{
  "model": "",
  "overall_acc": 0.30963302752293576,
  "closed_acc": 0.4714828897338403,
  "open_acc": 0.06358381502890173,
  "token_f1": 0.31116207951070335,
  "n_total": 436,
  "n_closed": 263,
  "n_open": 173,
  "tag": "lr5e-06_head50_xmod5",
  "lr": 5e-06,
  "lr_mult_head": 50,
  "lr_mult_cross_modal": 5
}