{
  "model": "",
  "overall_acc": 0.822808671065033,
  "closed_acc": 0.8581730769230769,
  "open_acc": 0.8,
  "token_f1": 0.8518872006619415,
  "n_total": 1061,
  "n_closed": 416,
  "n_open": 645
}